{"version": 1, "templates": {"u": "s3://noaa-goes17/ABI-L2-FDCC/2020/217/03/OR_ABI-L2-FDCC-M6_G17_s20202170301177_e20202170303550_c20202170304120.nc"}, "refs": {".zgroup": "{\n    \"zarr_format\": 2\n}", ".zattrs": "{\n    \"Conventions\": \"CF-1.7\",\n    \"Metadata_Conventions\": \"Unidata Dataset Discovery v1.0\",\n    \"cdm_data_type\": \"Image\",\n    \"dataset_name\": \"OR_ABI-L2-FDCC-M6_G17_s20202170301177_e20202170303550_c20202170304120.nc\",\n    \"date_created\": \"2020-08-04T03:04:12.0Z\",\n    \"id\": \"f0d3f22e-3972-4677-a3b6-a751507db93f\",\n    \"institution\": \"DOC/NOAA/NESDIS > U.S. Department of Commerce, National Oceanic and Atmospheric Administration, National Environmental Satellite, Data, and Information Services\",\n    \"instrument_ID\": \"FM2\",\n    \"instrument_type\": \"GOES R Series Advanced Baseline Imager\",\n    \"iso_series_metadata_id\": \"b015d6f0-b002-11e1-afa6-0800200c9a66\",\n    \"keywords\": \"HUMAN DIMENSIONS > NATURAL HAZARDS > FIRES \",\n    \"keywords_vocabulary\": \"NASA Global Change Master Directory (GCMD) Earth Science Keywords, Version 7.0.0.0.0\",\n    \"license\": \"Unclassified data.  Access is restricted to approved users only.\",\n    \"naming_authority\": \"gov.nesdis.noaa\",\n    \"orbital_slot\": \"GOES-West\",\n    \"platform_ID\": \"G17\",\n    \"processing_level\": \"National Aeronautics and Space Administration (NASA) L2\",\n    \"production_data_source\": \"Realtime\",\n    \"production_environment\": \"OE\",\n    \"production_site\": \"NSOF\",\n    \"project\": \"GOES\",\n    \"scene_id\": \"CONUS\",\n    \"spatial_resolution\": \"2km at nadir\",\n    \"standard_name_vocabulary\": \"CF Standard Name Table (v35, 20 July 2016)\",\n    \"summary\": \"The Fire - Hot Spot Characterization product consists of a fire mask identifying pixels as one of many fire, non-fire, and obstructed view categories. In addition, the product consists of fire temperature,radiative power, and area for valid fire pixels that satisfy specific criteria. This product is generated by utilizing differences in emissive bands with wavelengths 3.89 and 11.19 um to high temperature sub pixel anomalies. Product data is generated both day and night.\",\n    \"time_coverage_end\": \"2020-08-04T03:03:55.0Z\",\n    \"time_coverage_start\": \"2020-08-04T03:01:17.7Z\",\n    \"timeline_id\": \"ABI Mode 6\",\n    \"title\": \"ABI L2 Fire - Hot Spot Characterization\"\n}", "Area/.zarray": "{\n    \"chunks\": [\n        250,\n        250\n    ],\n    \"compressor\": {\n        \"id\": \"zlib\",\n        \"level\": 1\n    },\n    \"dtype\": \"<i2\",\n    \"fill_value\": -1,\n    \"filters\": null,\n    \"order\": \"C\",\n    \"shape\": [\n        1500,\n        2500\n    ],\n    \"zarr_format\": 2\n}", "Area/.zattrs": "{\n    \"_ARRAY_DIMENSIONS\": [\n        \"y\",\n        \"x\"\n    ],\n    \"_FillValue\": -1,\n    \"_Netcdf4Dimid\": 0,\n    \"_Unsigned\": \"true\",\n    \"add_offset\": 4000.0,\n    \"cell_methods\": \"sunglint_angle: point (no pixel produced) local_zenith_angle: point (good quality pixel produced) solar_zenith_angle: point (good quality pixel produced) t: point\",\n    \"coordinates\": \"sunglint_angle local_zenith_angle solar_zenith_angle t y x\",\n    \"grid_mapping\": \"goes_imager_projection\",\n    \"long_name\": \"ABI L2+ Fire-Hot Spot Characterization: Fire Area\",\n    \"scale_factor\": 60.97999954223633,\n    \"standard_name\": \"fire_area\",\n    \"units\": \"m2\",\n    \"valid_range\": [\n        0,\n        -6\n    ]\n}", "Area/0.0": ["{{u}}", 39479, 569], "Area/0.1": ["{{u}}", 40048, 569], "Area/0.2": ["{{u}}", 56292, 569], "Area/0.3": ["{{u}}", 56861, 569], "Area/0.4": ["{{u}}", 57430, 569], "Area/0.5": ["{{u}}", 57999, 569], "Area/0.6": ["{{u}}", 58568, 569], "Area/0.7": ["{{u}}", 97969, 569], "Area/0.8": ["{{u}}", 98538, 569], "Area/0.9": ["{{u}}", 99107, 569], "Area/1.0": ["{{u}}", 99676, 569], "Area/1.1": ["{{u}}", 100245, 569], "Area/1.2": ["{{u}}", 100814, 569], "Area/1.3": ["{{u}}", 101383, 569], "Area/1.4": ["{{u}}", 101952, 569], "Area/1.5": ["{{u}}", 102521, 569], "Area/1.6": ["{{u}}", 103090, 569], "Area/1.7": ["{{u}}", 147996, 569], "Area/1.8": ["{{u}}", 148565, 569], "Area/1.9": ["{{u}}", 149134, 596], "Area/2.0": ["{{u}}", 149730, 569], "Area/2.1": ["{{u}}", 150299, 569], "Area/2.2": ["{{u}}", 150868, 569], "Area/2.3": ["{{u}}", 151437, 569], "Area/2.4": ["{{u}}", 152006, 569], "Area/2.5": ["{{u}}", 152575, 569], "Area/2.6": ["{{u}}", 153144, 569], "Area/2.7": ["{{u}}", 175286, 569], "Area/2.8": ["{{u}}", 175855, 605], "Area/2.9": ["{{u}}", 176460, 569], "Area/3.0": ["{{u}}", 177029, 569], "Area/3.1": ["{{u}}", 177598, 569], "Area/3.2": ["{{u}}", 178167, 569], "Area/3.3": ["{{u}}", 178736, 569], "Area/3.4": ["{{u}}", 179305, 569], "Area/3.5": ["{{u}}", 179874, 569], "Area/3.6": ["{{u}}", 180443, 569], "Area/3.7": ["{{u}}", 181012, 569], "Area/3.8": ["{{u}}", 181581, 569], "Area/3.9": ["{{u}}", 182150, 569], "Area/4.0": ["{{u}}", 182719, 569], "Area/4.1": ["{{u}}", 183288, 569], "Area/4.2": ["{{u}}", 183857, 569], "Area/4.3": ["{{u}}", 184426, 569], "Area/4.4": ["{{u}}", 184995, 569], "Area/4.5": ["{{u}}", 188409, 569], "Area/4.6": ["{{u}}", 188978, 569], "Area/4.7": ["{{u}}", 189547, 569], "Area/4.8": ["{{u}}", 190116, 569], "Area/4.9": ["{{u}}", 190685, 569], "Area/5.0": ["{{u}}", 185564, 569], "Area/5.1": ["{{u}}", 186133, 569], "Area/5.2": ["{{u}}", 186702, 569], "Area/5.3": ["{{u}}", 187271, 569], "Area/5.4": ["{{u}}", 187840, 569], "Area/5.5": ["{{u}}", 191254, 569], "Area/5.6": ["{{u}}", 191823, 569], "Area/5.7": ["{{u}}", 192392, 569], "Area/5.8": ["{{u}}", 192961, 569], "Area/5.9": ["{{u}}", 193530, 569], "DQF/.zarray": "{\n    \"chunks\": [\n        250,\n        250\n    ],\n    \"compressor\": {\n        \"id\": \"zlib\",\n        \"level\": 1\n    },\n    \"dtype\": \"|i1\",\n    \"fill_value\": -1,\n    \"filters\": null,\n    \"order\": \"C\",\n    \"shape\": [\n        1500,\n        2500\n    ],\n    \"zarr_format\": 2\n}", "DQF/.zattrs": "{\n    \"_ARRAY_DIMENSIONS\": [\n        \"y\",\n        \"x\"\n    ],\n    \"_FillValue\": -1,\n    \"_Netcdf4Dimid\": 0,\n    \"_Unsigned\": \"true\",\n    \"cell_methods\": \"sunglint_angle: point (no retrieval) local_zenith_angle: point solar_zenith_angle: point t: point area: point\",\n    \"coordinates\": \"sunglint_angle local_zenith_angle solar_zenith_angle t y x\",\n    \"flag_meanings\": \"good_quality_fire_pixel_qf good_quality_fire_free_land_pixel_qf invalid_due_to_opaque_cloud_pixel_qf invalid_due_to_surface_type_or_sunglint_or_LZA_threshold_exceeded_or_off_earth_or_missing_input_data_qf invalid_due_to_bad_input_data_qf invalid_due_to_algorithm_failure_qf\",\n    \"flag_values\": [\n        0,\n        1,\n        2,\n        3,\n        4,\n        5\n    ],\n    \"grid_mapping\": \"goes_imager_projection\",\n    \"long_name\": \"ABI L2+ Fire - Hot Spot Characterization data quality flags\",\n    \"number_of_qf_values\": 6,\n    \"percent_good_fire_free_land_pixel_qf\": 0.0961437001824379,\n    \"percent_good_quality_fire_pixel_qf\": 5.100000180391362e-06,\n    \"percent_invalid_due_to_algorithm_failure_qf\": 0.00019520000205375254,\n    \"percent_invalid_due_to_bad_input_data_qf\": 0.0001264000020455569,\n    \"percent_invalid_due_to_opaque_cloud_pixel_qf\": 0.03564029932022095,\n    \"percent_invalid_due_to_surface_type_or_sunglint_or_LZA_threshold_exceeded_or_off_earth_or_missing_input_data_qf\": 0.8678892850875854,\n    \"standard_name\": \"status_flag\",\n    \"units\": \"1\",\n    \"valid_range\": [\n        0,\n        5\n    ]\n}", "DQF/0.0": ["{{u}}", 270559, 363], "DQF/0.1": ["{{u}}", 270922, 297], "DQF/0.2": ["{{u}}", 271219, 297], "DQF/0.3": ["{{u}}", 271516, 297], "DQF/0.4": ["{{u}}", 271813, 297], "DQF/0.5": ["{{u}}", 272110, 297], "DQF/0.6": ["{{u}}", 272407, 4182], "DQF/0.7": ["{{u}}", 276589, 3657], "DQF/0.8": ["{{u}}", 280246, 4571], "DQF/0.9": ["{{u}}", 284817, 5042], "DQF/1.0": ["{{u}}", 289859, 297], "DQF/1.1": ["{{u}}", 290156, 297], "DQF/1.2": ["{{u}}", 290453, 297], "DQF/1.3": ["{{u}}", 290750, 297], "DQF/1.4": ["{{u}}", 291047, 297], "DQF/1.5": ["{{u}}", 291344, 297], "DQF/1.6": ["{{u}}", 291641, 420], "DQF/1.7": ["{{u}}", 292061, 2994], "DQF/1.8": ["{{u}}", 295055, 3744], "DQF/1.9": ["{{u}}", 298799, 5782], "DQF/2.0": ["{{u}}", 304581, 297], "DQF/2.1": ["{{u}}", 304878, 297], "DQF/2.2": ["{{u}}", 305175, 297], "DQF/2.3": ["{{u}}", 305472, 297], "DQF/2.4": ["{{u}}", 305769, 297], "DQF/2.5": ["{{u}}", 306066, 297], "DQF/2.6": ["{{u}}", 306363, 297], "DQF/2.7": ["{{u}}", 306660, 854], "DQF/2.8": ["{{u}}", 307514, 3711], "DQF/2.9": ["{{u}}", 311225, 4565], "DQF/3.0": ["{{u}}", 315790, 297], "DQF/3.1": ["{{u}}", 316087, 297], "DQF/3.2": ["{{u}}", 316384, 297], "DQF/3.3": ["{{u}}", 316681, 297], "DQF/3.4": ["{{u}}", 316978, 297], "DQF/3.5": ["{{u}}", 317275, 297], "DQF/3.6": ["{{u}}", 317572, 297], "DQF/3.7": ["{{u}}", 317869, 297], "DQF/3.8": ["{{u}}", 318166, 486], "DQF/3.9": ["{{u}}", 318652, 3793], "DQF/4.0": ["{{u}}", 322445, 297], "DQF/4.1": ["{{u}}", 322742, 297], "DQF/4.2": ["{{u}}", 323039, 297], "DQF/4.3": ["{{u}}", 323336, 297], "DQF/4.4": ["{{u}}", 323633, 297], "DQF/4.5": ["{{u}}", 325415, 297], "DQF/4.6": ["{{u}}", 325712, 297], "DQF/4.7": ["{{u}}", 326009, 297], "DQF/4.8": ["{{u}}", 326306, 297], "DQF/4.9": ["{{u}}", 326603, 654], "DQF/5.0": ["{{u}}", 323930, 297], "DQF/5.1": ["{{u}}", 324227, 297], "DQF/5.2": ["{{u}}", 324524, 297], "DQF/5.3": ["{{u}}", 324821, 297], "DQF/5.4": ["{{u}}", 325118, 297], "DQF/5.5": ["{{u}}", 327257, 297], "DQF/5.6": ["{{u}}", 327554, 297], "DQF/5.7": ["{{u}}", 327851, 297], "DQF/5.8": ["{{u}}", 328148, 297], "DQF/5.9": ["{{u}}", 328445, 297], "Mask/.zarray": "{\n    \"chunks\": [\n        250,\n        250\n    ],\n    \"compressor\": {\n        \"id\": \"zlib\",\n        \"level\": 1\n    },\n    \"dtype\": \"<i2\",\n    \"fill_value\": -99,\n    \"filters\": null,\n    \"order\": \"C\",\n    \"shape\": [\n        1500,\n        2500\n    ],\n    \"zarr_format\": 2\n}", "Mask/.zattrs": "{\n    \"_ARRAY_DIMENSIONS\": [\n        \"y\",\n        \"x\"\n    ],\n    \"_FillValue\": -99,\n    \"_Netcdf4Dimid\": 0,\n    \"ancillary_variables\": \"DQF Temp Power\",\n    \"cell_methods\": \"sunglint_angle: point (no pixel produced) local_zenith_angle: point (good quality pixel produced) solar_zenith_angle: point (good quality pixel produced) t: point area: point\",\n    \"coordinates\": \"sunglint_angle local_zenith_angle solar_zenith_angle t y x\",\n    \"flag_meanings\": \"unprocessed_pixel good_fire_pixel saturated_fire_pixel cloud_contaminated_fire_pixel high_probability_fire_pixel medium_probability_fire_pixel low_probability_fire_pixel temporally_filtered_good_fire_pixel temporally_filtered_saturated_fire_pixel temporally_filtered_cloud_contaminated_fire_pixel temporally_filtered_high_probability_fire_pixel temporally_filtered_medium_probability_fire_pixel temporally_filtered_low_probability_fire_pixel off_earth_pixel LZA_block_out_zone SZA_or_glint_angle_block_out_zone processed_no_fire_pixel missing_input_3.89um_pixel missing_input_11.19um_pixel saturated_input_3.89um_pixel saturated_input_11.19um_pixel invalid_input_radiance_value below_threshold_input_3.89um_pixel below_threshold_input_11.19um_pixel invalid_ecosystem_UMD_land_cover_type_sea_water_or_MODIS_land_mask_types_or_framework_desert_mask_type_bright_desert invalid_ecosystem_USGS_type_sea_water invalid_ecosystem_USGS_types_coastline_fringe_or_compound_coastlines invalid_ecosystem_USGS_types_inland_water_or_water_and_island_fringe_or_land_and_water_shore_or_land_and_water_rivers no_background_value_could_be_computed conversion_error_between_BT_and_radiance conversion_error_radiance_to_adjusted_BT modified_Dozier_technique_bisection_method_invalid_computed_BT modifed_Dozier_technique_Newton_method_invalid_computed_radiance modifed_Dozier_technique_Newton_method_invalid_computed_fire_brighness_temp modifed_Dozier_technique_Newton_method_invalid_computed_fire_area cloud_pixel_detected_by_11.19um_threshold_test cloud_pixel_detected_by_3.89um_minus_11.19um_threshold_and_freezing_test cloud_pixel_detected_by_negative_difference_3.89um_minus_11.19um_threshold_test cloud_pixel_detected_by_positive_difference_3.89um_minus_11.19um_threshold_test cloud_pixel_detected_by_albedo_threshold_test cloud_pixel_detected_by_12.27um_threshold_test cloud_pixel_detected_by_negative_difference_11.19um_minus_12.27um_threshold_test cloud_pixel_detected_by_positive_difference_11.19um_minus_12.27um_threshold_test cloud_edge_pixel_detected_by_along_scan_reflectivity_and_3.89um_threshold_test cloud_edge_pixel_detected_by_along_scan_reflectivity_and_albedo_threshold_test\",\n    \"flag_values\": [\n        0,\n        10,\n        11,\n        12,\n        13,\n        14,\n        15,\n        30,\n        31,\n        32,\n        33,\n        34,\n        35,\n        40,\n        50,\n        60,\n        100,\n        120,\n        121,\n        123,\n        124,\n        125,\n        126,\n        127,\n        150,\n        151,\n        152,\n        153,\n        170,\n        180,\n        182,\n        185,\n        186,\n        187,\n        188,\n        200,\n        201,\n        205,\n        210,\n        215,\n        220,\n        225,\n        230,\n        240,\n        245\n    ],\n    \"grid_mapping\": \"goes_imager_projection\",\n    \"invalid_fire_MODIS_land_mask_types_definition\": \"shallow ocean, ocean coastlines and lake shorelines, deep or shallow inland water, or moderate, continental, or deep ocean\",\n    \"long_name\": \"ABI L2+ Fire - Hot Spot Characterization: Fire Mask\",\n    \"number_of_fire_categories\": 6,\n    \"percent_cloud_contaminated_fire_pixel_or_temporally_filtered_cloud_contaminated_fire_pixel\": 0.0,\n    \"percent_good_fire_pixel_or_temporally_filtered_good_fire_pixel\": 3.2000000373955118e-06,\n    \"percent_high_probability_fire_pixel_or_temporally_filtered_high_probability_fire_pixel\": 8.000000093488779e-07,\n    \"percent_low_probability_fire_pixel_or_temporally_filtered_low_probability_fire_pixel\": 8.000000093488779e-07,\n    \"percent_medium_probability_fire_pixel_or_temporally_filtered_medium_probability_fire_pixel\": 3.000000106112566e-07,\n    \"percent_saturated_fire_pixel_or_temporally_filtered_saturated_fire_pixel\": 0.0,\n    \"resolution\": \"y: 0.000056 rad x: 0.000056 rad\",\n    \"units\": \"1\",\n    \"valid_range\": [\n        0,\n        245\n    ]\n}", "Mask/0.0": ["{{u}}", 38180, 728], "Mask/0.1": ["{{u}}", 38908, 571], "Mask/0.2": ["{{u}}", 47955, 571], "Mask/0.3": ["{{u}}", 48526, 571], "Mask/0.4": ["{{u}}", 49097, 571], "Mask/0.5": ["{{u}}", 49668, 571], "Mask/0.6": ["{{u}}", 50239, 6053], "Mask/0.7": ["{{u}}", 68245, 5075], "Mask/0.8": ["{{u}}", 73320, 9870], "Mask/0.9": ["{{u}}", 83190, 10561], "Mask/1.0": ["{{u}}", 93751, 571], "Mask/1.1": ["{{u}}", 94322, 571], "Mask/1.2": ["{{u}}", 94893, 571], "Mask/1.3": ["{{u}}", 95464, 571], "Mask/1.4": ["{{u}}", 96035, 571], "Mask/1.5": ["{{u}}", 96606, 571], "Mask/1.6": ["{{u}}", 97177, 792], "Mask/1.7": ["{{u}}", 121846, 3968], "Mask/1.8": ["{{u}}", 125814, 4958], "Mask/1.9": ["{{u}}", 130772, 13227], "Mask/2.0": ["{{u}}", 143999, 571], "Mask/2.1": ["{{u}}", 144570, 571], "Mask/2.2": ["{{u}}", 145141, 571], "Mask/2.3": ["{{u}}", 145712, 571], "Mask/2.4": ["{{u}}", 146283, 571], "Mask/2.5": ["{{u}}", 146854, 571], "Mask/2.6": ["{{u}}", 147425, 571], "Mask/2.7": ["{{u}}", 212917, 1096], "Mask/2.8": ["{{u}}", 214013, 4672], "Mask/2.9": ["{{u}}", 218685, 8673], "Mask/3.0": ["{{u}}", 227358, 571], "Mask/3.1": ["{{u}}", 227929, 571], "Mask/3.2": ["{{u}}", 228500, 571], "Mask/3.3": ["{{u}}", 229071, 571], "Mask/3.4": ["{{u}}", 229642, 571], "Mask/3.5": ["{{u}}", 230213, 571], "Mask/3.6": ["{{u}}", 230784, 571], "Mask/3.7": ["{{u}}", 231355, 571], "Mask/3.8": ["{{u}}", 231926, 810], "Mask/3.9": ["{{u}}", 232736, 5976], "Mask/4.0": ["{{u}}", 238712, 571], "Mask/4.1": ["{{u}}", 239283, 571], "Mask/4.2": ["{{u}}", 239854, 571], "Mask/4.3": ["{{u}}", 240425, 571], "Mask/4.4": ["{{u}}", 240996, 571], "Mask/4.5": ["{{u}}", 244422, 571], "Mask/4.6": ["{{u}}", 244993, 571], "Mask/4.7": ["{{u}}", 245564, 571], "Mask/4.8": ["{{u}}", 246135, 571], "Mask/4.9": ["{{u}}", 246706, 1158], "Mask/5.0": ["{{u}}", 241567, 571], "Mask/5.1": ["{{u}}", 242138, 571], "Mask/5.2": ["{{u}}", 242709, 571], "Mask/5.3": ["{{u}}", 243280, 571], "Mask/5.4": ["{{u}}", 243851, 571], "Mask/5.5": ["{{u}}", 247864, 571], "Mask/5.6": ["{{u}}", 248435, 571], "Mask/5.7": ["{{u}}", 249006, 571], "Mask/5.8": ["{{u}}", 249577, 571], "Mask/5.9": ["{{u}}", 250148, 571], "Power/.zarray": "{\n    \"chunks\": [\n        250,\n        250\n    ],\n    \"compressor\": {\n        \"id\": \"zlib\",\n        \"level\": 1\n    },\n    \"dtype\": \"<f4\",\n    \"fill_value\": -9.0,\n    \"filters\": null,\n    \"order\": \"C\",\n    \"shape\": [\n        1500,\n        2500\n    ],\n    \"zarr_format\": 2\n}", "Power/.zattrs": "{\n    \"_ARRAY_DIMENSIONS\": [\n        \"y\",\n        \"x\"\n    ],\n    \"_FillValue\": -9.0,\n    \"_Netcdf4Dimid\": 0,\n    \"ancillary_variables\": \"DQF\",\n    \"cell_measures\": \"area: Area\",\n    \"cell_methods\": \"sunglint_angle: point (no pixel produced) local_zenith_angle: point (good quality pixel produced) solar_zenith_angle: point (good quality pixel produced) t: point\",\n    \"coordinates\": \"sunglint_angle local_zenith_angle solar_zenith_angle t y x\",\n    \"grid_mapping\": \"goes_imager_projection\",\n    \"long_name\": \"ABI L2+ Fire-Hot Spot Characterization: Fire Radiative Power\",\n    \"resolution\": \"y: 0.000056 rad x: 0.000056 rad\",\n    \"standard_name\": \"fire_radiative_power\",\n    \"units\": \"MW\",\n    \"valid_range\": [\n        0.0,\n        200000.0\n    ]\n}", "Power/0.0": ["{{u}}", 20820, 1240], "Power/0.1": ["{{u}}", 22060, 1240], "Power/0.2": ["{{u}}", 23300, 1240], "Power/0.3": ["{{u}}", 24540, 1240], "Power/0.4": ["{{u}}", 25780, 1240], "Power/0.5": ["{{u}}", 27020, 1240], "Power/0.6": ["{{u}}", 28260, 1240], "Power/0.7": ["{{u}}", 29500, 1240], "Power/0.8": ["{{u}}", 30740, 1240], "Power/0.9": ["{{u}}", 31980, 1240], "Power/1.0": ["{{u}}", 33220, 1240], "Power/1.1": ["{{u}}", 34460, 1240], "Power/1.2": ["{{u}}", 35700, 1240], "Power/1.3": ["{{u}}", 36940, 1240], "Power/1.4": ["{{u}}", 41755, 1240], "Power/1.5": ["{{u}}", 42995, 1240], "Power/1.6": ["{{u}}", 44235, 1240], "Power/1.7": ["{{u}}", 45475, 1240], "Power/1.8": ["{{u}}", 46715, 1240], "Power/1.9": ["{{u}}", 61982, 1303], "Power/2.0": ["{{u}}", 63285, 1240], "Power/2.1": ["{{u}}", 64525, 1240], "Power/2.2": ["{{u}}", 65765, 1240], "Power/2.3": ["{{u}}", 67005, 1240], "Power/2.4": ["{{u}}", 109349, 1240], "Power/2.5": ["{{u}}", 110589, 1240], "Power/2.6": ["{{u}}", 111829, 1240], "Power/2.7": ["{{u}}", 113069, 1240], "Power/2.8": ["{{u}}", 114309, 1321], "Power/2.9": ["{{u}}", 115630, 1256], "Power/3.0": ["{{u}}", 116886, 1240], "Power/3.1": ["{{u}}", 118126, 1240], "Power/3.2": ["{{u}}", 119366, 1240], "Power/3.3": ["{{u}}", 120606, 1240], "Power/3.4": ["{{u}}", 159431, 1240], "Power/3.5": ["{{u}}", 160671, 1240], "Power/3.6": ["{{u}}", 161911, 1240], "Power/3.7": ["{{u}}", 163151, 1240], "Power/3.8": ["{{u}}", 164391, 1240], "Power/3.9": ["{{u}}", 165631, 1240], "Power/4.0": ["{{u}}", 166871, 1240], "Power/4.1": ["{{u}}", 168111, 1240], "Power/4.2": ["{{u}}", 169351, 1240], "Power/4.3": ["{{u}}", 170591, 1240], "Power/4.4": ["{{u}}", 250719, 1240], "Power/4.5": ["{{u}}", 258159, 1240], "Power/4.6": ["{{u}}", 259399, 1240], "Power/4.7": ["{{u}}", 260639, 1240], "Power/4.8": ["{{u}}", 261879, 1240], "Power/4.9": ["{{u}}", 263119, 1240], "Power/5.0": ["{{u}}", 251959, 1240], "Power/5.1": ["{{u}}", 253199, 1240], "Power/5.2": ["{{u}}", 254439, 1240], "Power/5.3": ["{{u}}", 255679, 1240], "Power/5.4": ["{{u}}", 256919, 1240], "Power/5.5": ["{{u}}", 264359, 1240], "Power/5.6": ["{{u}}", 265599, 1240], "Power/5.7": ["{{u}}", 266839, 1240], "Power/5.8": ["{{u}}", 268079, 1240], "Power/5.9": ["{{u}}", 269319, 1240], "Temp/.zarray": "{\n    \"chunks\": [\n        250,\n        250\n    ],\n    \"compressor\": {\n        \"id\": \"zlib\",\n        \"level\": 1\n    },\n    \"dtype\": \"<i2\",\n    \"fill_value\": -1,\n    \"filters\": null,\n    \"order\": \"C\",\n    \"shape\": [\n        1500,\n        2500\n    ],\n    \"zarr_format\": 2\n}", "Temp/.zattrs": "{\n    \"_ARRAY_DIMENSIONS\": [\n        \"y\",\n        \"x\"\n    ],\n    \"_FillValue\": -1,\n    \"_Netcdf4Dimid\": 0,\n    \"_Unsigned\": \"true\",\n    \"add_offset\": 400.0,\n    \"ancillary_variables\": \"DQF\",\n    \"cell_measures\": \"area: Area\",\n    \"cell_methods\": \"sunglint_angle: point (no pixel produced) local_zenith_angle: point (good quality pixel produced) solar_zenith_angle: point (good quality pixel produced) t: point\",\n    \"coordinates\": \"sunglint_angle local_zenith_angle solar_zenith_angle t y x\",\n    \"grid_mapping\": \"goes_imager_projection\",\n    \"long_name\": \"ABI L2+ Fire-Hot Spot Characterization: Fire Temperature\",\n    \"resolution\": \"y: 0.000056 rad x: 0.000056 rad\",\n    \"scale_factor\": 0.054936669766902924,\n    \"standard_name\": \"fire_temperature\",\n    \"units\": \"K\",\n    \"valid_range\": [\n        0,\n        -6\n    ]\n}", "Temp/0.0": ["{{u}}", 40617, 569], "Temp/0.1": ["{{u}}", 41186, 569], "Temp/0.2": ["{{u}}", 59137, 569], "Temp/0.3": ["{{u}}", 59706, 569], "Temp/0.4": ["{{u}}", 60275, 569], "Temp/0.5": ["{{u}}", 60844, 569], "Temp/0.6": ["{{u}}", 61413, 569], "Temp/0.7": ["{{u}}", 103659, 569], "Temp/0.8": ["{{u}}", 104228, 569], "Temp/0.9": ["{{u}}", 104797, 569], "Temp/1.0": ["{{u}}", 105366, 569], "Temp/1.1": ["{{u}}", 105935, 569], "Temp/1.2": ["{{u}}", 106504, 569], "Temp/1.3": ["{{u}}", 107073, 569], "Temp/1.4": ["{{u}}", 107642, 569], "Temp/1.5": ["{{u}}", 108211, 569], "Temp/1.6": ["{{u}}", 108780, 569], "Temp/1.7": ["{{u}}", 153713, 569], "Temp/1.8": ["{{u}}", 154282, 569], "Temp/1.9": ["{{u}}", 154851, 597], "Temp/2.0": ["{{u}}", 155448, 569], "Temp/2.1": ["{{u}}", 156017, 569], "Temp/2.2": ["{{u}}", 156586, 569], "Temp/2.3": ["{{u}}", 157155, 569], "Temp/2.4": ["{{u}}", 157724, 569], "Temp/2.5": ["{{u}}", 158293, 569], "Temp/2.6": ["{{u}}", 158862, 569], "Temp/2.7": ["{{u}}", 194099, 569], "Temp/2.8": ["{{u}}", 194668, 610], "Temp/2.9": ["{{u}}", 195278, 569], "Temp/3.0": ["{{u}}", 195847, 569], "Temp/3.1": ["{{u}}", 196416, 569], "Temp/3.2": ["{{u}}", 196985, 569], "Temp/3.3": ["{{u}}", 197554, 569], "Temp/3.4": ["{{u}}", 198123, 569], "Temp/3.5": ["{{u}}", 198692, 569], "Temp/3.6": ["{{u}}", 199261, 569], "Temp/3.7": ["{{u}}", 199830, 569], "Temp/3.8": ["{{u}}", 200399, 569], "Temp/3.9": ["{{u}}", 200968, 569], "Temp/4.0": ["{{u}}", 201537, 569], "Temp/4.1": ["{{u}}", 202106, 569], "Temp/4.2": ["{{u}}", 202675, 569], "Temp/4.3": ["{{u}}", 203244, 569], "Temp/4.4": ["{{u}}", 203813, 569], "Temp/4.5": ["{{u}}", 207227, 569], "Temp/4.6": ["{{u}}", 207796, 569], "Temp/4.7": ["{{u}}", 208365, 569], "Temp/4.8": ["{{u}}", 208934, 569], "Temp/4.9": ["{{u}}", 209503, 569], "Temp/5.0": ["{{u}}", 204382, 569], "Temp/5.1": ["{{u}}", 204951, 569], "Temp/5.2": ["{{u}}", 205520, 569], "Temp/5.3": ["{{u}}", 206089, 569], "Temp/5.4": ["{{u}}", 206658, 569], "Temp/5.5": ["{{u}}", 210072, 569], "Temp/5.6": ["{{u}}", 210641, 569], "Temp/5.7": ["{{u}}", 211210, 569], "Temp/5.8": ["{{u}}", 211779, 569], "Temp/5.9": ["{{u}}", 212348, 569], "algorithm_dynamic_input_data_container/.zarray": "{\n    \"chunks\": [],\n    \"compressor\": null,\n    \"dtype\": \"<i4\",\n    \"fill_value\": -2147483647,\n    \"filters\": null,\n    \"order\": \"C\",\n    \"shape\": [],\n    \"zarr_format\": 2\n}", "algorithm_dynamic_input_data_container/.zattrs": "{\n    \"_ARRAY_DIMENSIONS\": [],\n    \"input_ABI_L2_auxiliary_solar_zenith_angle_data\": \"null\",\n    \"input_ABI_L2_auxiliary_sunglint_angle_data\": \"null\",\n    \"input_ABI_L2_brightness_temperature_band_14_2km_data\": \"OR_ABI-L2-CMIPC-M6C14_G17_s20202170301177_e20202170303550_c*.nc\",\n    \"input_ABI_L2_brightness_temperature_band_15_2km_data\": \"OR_ABI-L2-CMIPC-M6C15_G17_s20202170301177_e20202170303550_c*.nc\",\n    \"input_ABI_L2_brightness_temperature_band_7_2km_data\": \"OR_ABI-L2-CMIPC-M6C07_G17_s20202170301177_e20202170303550_c*.nc\",\n    \"input_ABI_L2_intermediate_product_reflectance_band_2_2km_data\": \"null\",\n    \"input_ABI_L2_intermediate_product_time_of_last_fire_data\": \"null\",\n    \"input_ABI_radiance_band_7\": \"OR_ABI-L1b-RADC-M6C07_G17_s20202170301177_e20202170303550_c*.nc\",\n    \"input_dynamic_ancillary_NWP_total_precipitable_water_data\": \"null\",\n    \"long_name\": \"container for filenames of dynamic algorithm input data\"\n}", "algorithm_product_version_container/.zarray": "{\n    \"chunks\": [],\n    \"compressor\": null,\n    \"dtype\": \"<i4\",\n    \"fill_value\": -2147483647,\n    \"filters\": null,\n    \"order\": \"C\",\n    \"shape\": [],\n    \"zarr_format\": 2\n}", "algorithm_product_version_container/.zattrs": "{\n    \"_ARRAY_DIMENSIONS\": [],\n    \"algorithm_version\": \"OR_ABI-L2-ALG-FHS_v01r00.zip\",\n    \"long_name\": \"container for algorithm package filename and product version\",\n    \"product_version\": \"v01r00\"\n}", "fire_area_outlier_pixel_count/.zarray": "{\n    \"chunks\": [],\n    \"compressor\": null,\n    \"dtype\": \"<i4\",\n    \"fill_value\": -1,\n    \"filters\": null,\n    \"order\": \"C\",\n    \"shape\": [],\n    \"zarr_format\": 2\n}", "fire_area_outlier_pixel_count/.zattrs": "{\n    \"_ARRAY_DIMENSIONS\": [],\n    \"_FillValue\": -1,\n    \"cell_methods\": \"sunglint_angle: sum (no pixel produced) local_zenith_angle: sum solar_zenith_angle: sum t: sum area: sum (interval: 0.000056 rad comment: good quality fire pixels with fire mask values of good_fire_pixel or temporally_filtered_good_fire_pixel whose values are outside valid measurement range only) where fire over land\",\n    \"coordinates\": \"sunglint_angle local_zenith_angle solar_zenith_angle t y_image x_image\",\n    \"grid_mapping\": \"goes_imager_projection\",\n    \"long_name\": \"number of pixels with fire area reported whose value is outside valid measurement range\",\n    \"units\": \"count\"\n}", "fire_area_outlier_pixel_count/0": ["{{u}}", 358762, 4], "fire_radiative_power_outlier_pixel_count/.zarray": "{\n    \"chunks\": [],\n    \"compressor\": null,\n    \"dtype\": \"<i4\",\n    \"fill_value\": -1,\n    \"filters\": null,\n    \"order\": \"C\",\n    \"shape\": [],\n    \"zarr_format\": 2\n}", "fire_radiative_power_outlier_pixel_count/.zattrs": "{\n    \"_ARRAY_DIMENSIONS\": [],\n    \"_FillValue\": -1,\n    \"cell_methods\": \"sunglint_angle: sum (no pixel produced) local_zenith_angle: sum solar_zenith_angle: sum t: sum area: sum (interval: 0.000056 rad comment: good quality fire pixels with fire mask values of good_fire_pixel, high_probability_fire_pixel, medium_probability_fire_pixel, temporally_filtered_good_fire_pixel, temporally_filtered_high_probability_fire_pixel, or temporally_filtered_medium_probability_fire_pixel where adjacent region has sufficient non-fire, clear pixels whose values are outside valid measurement range only) where fire over land\",\n    \"coordinates\": \"sunglint_angle local_zenith_angle solar_zenith_angle t y_image x_image\",\n    \"grid_mapping\": \"goes_imager_projection\",\n    \"long_name\": \"number of pixels with fire radiative power reported whose value is outside valid measurement range\",\n    \"units\": \"count\"\n}", "fire_radiative_power_outlier_pixel_count/0": ["{{u}}", 358766, 4], "fire_temperature_outlier_pixel_count/.zarray": "{\n    \"chunks\": [],\n    \"compressor\": null,\n    \"dtype\": \"<i4\",\n    \"fill_value\": -1,\n    \"filters\": null,\n    \"order\": \"C\",\n    \"shape\": [],\n    \"zarr_format\": 2\n}", "fire_temperature_outlier_pixel_count/.zattrs": "{\n    \"_ARRAY_DIMENSIONS\": [],\n    \"_FillValue\": -1,\n    \"cell_methods\": \"sunglint_angle: sum (no pixel produced) local_zenith_angle: sum solar_zenith_angle: sum t: sum area: sum (interval: 0.000056 rad comment: good quality fire pixels with fire mask values of good_fire_pixel or temporally_filtered_good_fire_pixel whose values are outside valid measurement range only) where fire over land\",\n    \"coordinates\": \"sunglint_angle local_zenith_angle solar_zenith_angle t y_image x_image\",\n    \"grid_mapping\": \"goes_imager_projection\",\n    \"long_name\": \"number of pixels with fire temperature reported whose value is outside valid measurement range\",\n    \"units\": \"count\"\n}", "fire_temperature_outlier_pixel_count/0": ["{{u}}", 6776, 4], "geospatial_lat_lon_extent/.zarray": "{\n    \"chunks\": [],\n    \"compressor\": null,\n    \"dtype\": \"<f4\",\n    \"fill_value\": 9.969209968386869e+36,\n    \"filters\": null,\n    \"order\": \"C\",\n    \"shape\": [],\n    \"zarr_format\": 2\n}", "geospatial_lat_lon_extent/.zattrs": "{\n    \"_ARRAY_DIMENSIONS\": [],\n    \"geospatial_eastbound_longitude\": -89.62357330322266,\n    \"geospatial_lat_center\": 29.966999053955078,\n    \"geospatial_lat_nadir\": 0.0,\n    \"geospatial_lat_units\": \"degrees_north\",\n    \"geospatial_lon_center\": -137.0,\n    \"geospatial_lon_nadir\": -137.0,\n    \"geospatial_lon_units\": \"degrees_east\",\n    \"geospatial_northbound_latitude\": 53.50006103515625,\n    \"geospatial_southbound_latitude\": 14.57133960723877,\n    \"geospatial_westbound_longitude\": 175.6235809326172,\n    \"long_name\": \"geospatial latitude and longitude references\"\n}", "goes_imager_projection/.zarray": "{\n    \"chunks\": [],\n    \"compressor\": null,\n    \"dtype\": \"<i4\",\n    \"fill_value\": -2147483647,\n    \"filters\": null,\n    \"order\": \"C\",\n    \"shape\": [],\n    \"zarr_format\": 2\n}", "goes_imager_projection/.zattrs": "{\n    \"_ARRAY_DIMENSIONS\": [],\n    \"grid_mapping_name\": \"geostationary\",\n    \"inverse_flattening\": 298.2572221,\n    \"latitude_of_projection_origin\": 0.0,\n    \"long_name\": \"GOES-R ABI fixed grid projection\",\n    \"longitude_of_projection_origin\": -137.0,\n    \"perspective_point_height\": 35786023.0,\n    \"semi_major_axis\": 6378137.0,\n    \"semi_minor_axis\": 6356752.31414,\n    \"sweep_angle_axis\": \"x\"\n}", "local_zenith_angle/.zarray": "{\n    \"chunks\": [],\n    \"compressor\": null,\n    \"dtype\": \"<f4\",\n    \"fill_value\": 9.969209968386869e+36,\n    \"filters\": null,\n    \"order\": \"C\",\n    \"shape\": [],\n    \"zarr_format\": 2\n}", "local_zenith_angle/.zattrs": "{\n    \"_ARRAY_DIMENSIONS\": [],\n    \"bounds\": \"local_zenith_angle_bounds\",\n    \"long_name\": \"threshold angle between the line of sight to the satellite and the local zenith at the observation target for good quality fire-hot spot characterization data production\",\n    \"standard_name\": \"platform_zenith_angle\",\n    \"units\": \"degree\"\n}", "local_zenith_angle/0": ["{{u}}", 7200, 4], "local_zenith_angle_bounds/.zarray": "{\n    \"chunks\": [\n        2\n    ],\n    \"compressor\": null,\n    \"dtype\": \"<f4\",\n    \"fill_value\": 9.969209968386869e+36,\n    \"filters\": null,\n    \"order\": \"C\",\n    \"shape\": [\n        2\n    ],\n    \"zarr_format\": 2\n}", "local_zenith_angle_bounds/.zattrs": "{\n    \"_ARRAY_DIMENSIONS\": [\n        \"number_of_LZA_bounds\"\n    ],\n    \"_Netcdf4Dimid\": 6,\n    \"long_name\": \"local zenith angle degree range where good quality fire-hot spot characterization data is produced\"\n}", "local_zenith_angle_bounds/0": ["{{u}}", 7204, 8], "maximum_fire_area/.zarray": "{\n    \"chunks\": [],\n    \"compressor\": null,\n    \"dtype\": \"<f4\",\n    \"fill_value\": -999.0,\n    \"filters\": null,\n    \"order\": \"C\",\n    \"shape\": [],\n    \"zarr_format\": 2\n}", "maximum_fire_area/.zattrs": "{\n    \"_ARRAY_DIMENSIONS\": [],\n    \"_FillValue\": -999.0,\n    \"cell_methods\": \"sunglint_angle: sum (no pixel produced) local_zenith_angle: sum solar_zenith_angle: sum t: sum area: maximum (interval: 0.000056 rad comment: good quality fire pixels with fire mask values of good_fire_pixel or temporally_filtered_good_fire_pixel only) where fire over land\",\n    \"coordinates\": \"sunglint_angle local_zenith_angle solar_zenith_angle t y_image x_image\",\n    \"grid_mapping\": \"goes_imager_projection\",\n    \"long_name\": \"maximum fire area\",\n    \"standard_name\": \"fire_area\",\n    \"units\": \"m2\",\n    \"valid_range\": [\n        4000.0,\n        4000000.0\n    ]\n}", "maximum_fire_area/0": ["{{u}}", 329662, 4], "maximum_fire_radiative_power/.zarray": "{\n    \"chunks\": [],\n    \"compressor\": null,\n    \"dtype\": \"<f4\",\n    \"fill_value\": -999.0,\n    \"filters\": null,\n    \"order\": \"C\",\n    \"shape\": [],\n    \"zarr_format\": 2\n}", "maximum_fire_radiative_power/.zattrs": "{\n    \"_ARRAY_DIMENSIONS\": [],\n    \"_FillValue\": -999.0,\n    \"cell_methods\": \"sunglint_angle: sum (no pixel produced) local_zenith_angle: sum solar_zenith_angle: sum t: sum area: maximum (interval: 0.000056 rad comment: good quality fire pixels with fire mask values of good_fire_pixel, high_probability_fire_pixel, medium_probability_fire_pixel, temporally_filtered_good_fire_pixel, temporally_filtered_high_probability_fire_pixel, or fire temporally_filtered_medium_probability_fire_pixel where adjacent region has sufficient non-fire, clear pixels only) where fire over land\",\n    \"coordinates\": \"sunglint_angle local_zenith_angle solar_zenith_angle t y_image x_image\",\n    \"grid_mapping\": \"goes_imager_projection\",\n    \"long_name\": \"maximum fire radiative power\",\n    \"standard_name\": \"fire_radiative_power\",\n    \"units\": \"MW\",\n    \"valid_range\": [\n        0.0,\n        200000.0\n    ]\n}", "maximum_fire_radiative_power/0": ["{{u}}", 7397, 4], "maximum_fire_temperature/.zarray": "{\n    \"chunks\": [],\n    \"compressor\": null,\n    \"dtype\": \"<f4\",\n    \"fill_value\": -999.0,\n    \"filters\": null,\n    \"order\": \"C\",\n    \"shape\": [],\n    \"zarr_format\": 2\n}", "maximum_fire_temperature/.zattrs": "{\n    \"_ARRAY_DIMENSIONS\": [],\n    \"_FillValue\": -999.0,\n    \"cell_methods\": \"sunglint_angle: sum (no pixel produced) local_zenith_angle: sum solar_zenith_angle: sum t: sum area: maximum (interval: 0.000056 rad comment: good quality fire pixels with fire mask values of good_fire_pixel or temporally_filtered_good_fire_pixel only) where fire over land\",\n    \"coordinates\": \"sunglint_angle local_zenith_angle solar_zenith_angle t y_image x_image\",\n    \"grid_mapping\": \"goes_imager_projection\",\n    \"long_name\": \"maximum fire temperature\",\n    \"standard_name\": \"fire_temperature\",\n    \"units\": \"K\",\n    \"valid_range\": [\n        600.0,\n        1200.0\n    ]\n}", "maximum_fire_temperature/0": ["{{u}}", 358814, 4], "mean_fire_area/.zarray": "{\n    \"chunks\": [],\n    \"compressor\": null,\n    \"dtype\": \"<f4\",\n    \"fill_value\": -999.0,\n    \"filters\": null,\n    \"order\": \"C\",\n    \"shape\": [],\n    \"zarr_format\": 2\n}", "mean_fire_area/.zattrs": "{\n    \"_ARRAY_DIMENSIONS\": [],\n    \"_FillValue\": -999.0,\n    \"cell_methods\": \"sunglint_angle: sum (no pixel produced) local_zenith_angle: sum solar_zenith_angle: sum t: sum area: mean (interval: 0.000056 rad comment: good quality fire pixels with fire mask values of good_fire_pixel or temporally_filtered_good_fire_pixel only) where fire over land\",\n    \"coordinates\": \"sunglint_angle local_zenith_angle solar_zenith_angle t y_image x_image\",\n    \"grid_mapping\": \"goes_imager_projection\",\n    \"long_name\": \"mean fire area\",\n    \"standard_name\": \"fire_area\",\n    \"units\": \"m2\",\n    \"valid_range\": [\n        4000.0,\n        4000000.0\n    ]\n}", "mean_fire_area/0": ["{{u}}", 7385, 4], "mean_fire_radiative_power/.zarray": "{\n    \"chunks\": [],\n    \"compressor\": null,\n    \"dtype\": \"<f4\",\n    \"fill_value\": -999.0,\n    \"filters\": null,\n    \"order\": \"C\",\n    \"shape\": [],\n    \"zarr_format\": 2\n}", "mean_fire_radiative_power/.zattrs": "{\n    \"_ARRAY_DIMENSIONS\": [],\n    \"_FillValue\": -999.0,\n    \"cell_methods\": \"sunglint_angle: sum (no pixel produced) local_zenith_angle: sum solar_zenith_angle: sum t: sum area: mean (interval: 0.000056 rad comment: good quality fire pixels with fire mask values of good_fire_pixel, high_probability_fire_pixel, medium_probability_fire_pixel, temporally_filtered_good_fire_pixel, temporally_filtered_high_probability_fire_pixel, or temporally_filtered_medium_probability_fire_pixel where adjacent region has sufficient non-fire, clear pixels only) where fire over land\",\n    \"coordinates\": \"sunglint_angle local_zenith_angle solar_zenith_angle t y_image x_image\",\n    \"grid_mapping\": \"goes_imager_projection\",\n    \"long_name\": \"mean fire radiative power\",\n    \"standard_name\": \"fire_radiative_power\",\n    \"units\": \"MW\",\n    \"valid_range\": [\n        0.0,\n        200000.0\n    ]\n}", "mean_fire_radiative_power/0": ["{{u}}", 172357, 4], "mean_fire_temperature/.zarray": "{\n    \"chunks\": [],\n    \"compressor\": null,\n    \"dtype\": \"<f4\",\n    \"fill_value\": -999.0,\n    \"filters\": null,\n    \"order\": \"C\",\n    \"shape\": [],\n    \"zarr_format\": 2\n}", "mean_fire_temperature/.zattrs": "{\n    \"_ARRAY_DIMENSIONS\": [],\n    \"_FillValue\": -999.0,\n    \"cell_methods\": \"sunglint_angle: sum (no pixel produced) local_zenith_angle: sum solar_zenith_angle: sum t: sum area: mean (interval: 0.000056 rad comment: good quality fire pixels with fire mask values of good_fire_pixel or temporally_filtered_good_fire_pixel only) where fire over land\",\n    \"coordinates\": \"sunglint_angle local_zenith_angle solar_zenith_angle t y_image x_image\",\n    \"grid_mapping\": \"goes_imager_projection\",\n    \"long_name\": \"mean fire temperature\",\n    \"standard_name\": \"fire_temperature\",\n    \"units\": \"K\",\n    \"valid_range\": [\n        600.0,\n        1200.0\n    ]\n}", "mean_fire_temperature/0": ["{{u}}", 358818, 4], "minimum_fire_area/.zarray": "{\n    \"chunks\": [],\n    \"compressor\": null,\n    \"dtype\": \"<f4\",\n    \"fill_value\": -999.0,\n    \"filters\": null,\n    \"order\": \"C\",\n    \"shape\": [],\n    \"zarr_format\": 2\n}", "minimum_fire_area/.zattrs": "{\n    \"_ARRAY_DIMENSIONS\": [],\n    \"_FillValue\": -999.0,\n    \"cell_methods\": \"sunglint_angle: sum (no pixel produced) local_zenith_angle: sum solar_zenith_angle: sum t: sum area: minimum (interval: 0.000056 rad comment: good quality fire pixels with fire mask values of good_fire_pixel or temporally_filtered_good_fire_pixel only) where fire over land\",\n    \"coordinates\": \"sunglint_angle local_zenith_angle solar_zenith_angle t y_image x_image\",\n    \"grid_mapping\": \"goes_imager_projection\",\n    \"long_name\": \"minimum fire area\",\n    \"standard_name\": \"fire_area\",\n    \"units\": \"m2\",\n    \"valid_range\": [\n        4000.0,\n        4000000.0\n    ]\n}", "minimum_fire_area/0": ["{{u}}", 329658, 4], "minimum_fire_radiative_power/.zarray": "{\n    \"chunks\": [],\n    \"compressor\": null,\n    \"dtype\": \"<f4\",\n    \"fill_value\": -999.0,\n    \"filters\": null,\n    \"order\": \"C\",\n    \"shape\": [],\n    \"zarr_format\": 2\n}", "minimum_fire_radiative_power/.zattrs": "{\n    \"_ARRAY_DIMENSIONS\": [],\n    \"_FillValue\": -999.0,\n    \"cell_methods\": \"sunglint_angle: sum (no pixel produced) local_zenith_angle: sum solar_zenith_angle: sum t: sum area: minimum (interval: 0.000056 rad comment: good quality fire pixels with fire mask values of good_fire_pixel, high_probability_fire_pixel, medium_probability_fire_pixel, temporally_filtered_good_fire_pixel, temporally_filtered_high_probability_fire_pixel, or temporally_filtered_medium_probability_fire_pixel where adjacent region has sufficient non-fire, clear pixels only) where fire over land\",\n    \"coordinates\": \"sunglint_angle local_zenith_angle solar_zenith_angle t y_image x_image\",\n    \"grid_mapping\": \"goes_imager_projection\",\n    \"long_name\": \"minimum fire radiative power\",\n    \"standard_name\": \"fire_radiative_power\",\n    \"units\": \"MW\",\n    \"valid_range\": [\n        0.0,\n        200000.0\n    ]\n}", "minimum_fire_radiative_power/0": ["{{u}}", 7393, 4], "minimum_fire_temperature/.zarray": "{\n    \"chunks\": [],\n    \"compressor\": null,\n    \"dtype\": \"<f4\",\n    \"fill_value\": -999.0,\n    \"filters\": null,\n    \"order\": \"C\",\n    \"shape\": [],\n    \"zarr_format\": 2\n}", "minimum_fire_temperature/.zattrs": "{\n    \"_ARRAY_DIMENSIONS\": [],\n    \"_FillValue\": -999.0,\n    \"cell_methods\": \"sunglint_angle: sum (no pixel produced) local_zenith_angle: sum solar_zenith_angle: sum t: sum area: minimum (interval: 0.000056 rad comment: good quality fire pixels with fire mask values of good_fire_pixel or temporally_filtered_good_fire_pixel only) where fire over land\",\n    \"coordinates\": \"sunglint_angle local_zenith_angle solar_zenith_angle t y_image x_image\",\n    \"grid_mapping\": \"goes_imager_projection\",\n    \"long_name\": \"minimum fire temperature\",\n    \"standard_name\": \"fire_temperature\",\n    \"units\": \"K\",\n    \"valid_range\": [\n        600.0,\n        1200.0\n    ]\n}", "minimum_fire_temperature/0": ["{{u}}", 358810, 4], "nominal_satellite_height/.zarray": "{\n    \"chunks\": [],\n    \"compressor\": null,\n    \"dtype\": \"<f4\",\n    \"fill_value\": -999.0,\n    \"filters\": null,\n    \"order\": \"C\",\n    \"shape\": [],\n    \"zarr_format\": 2\n}", "nominal_satellite_height/.zattrs": "{\n    \"_ARRAY_DIMENSIONS\": [],\n    \"_FillValue\": -999.0,\n    \"long_name\": \"nominal satellite height above GRS 80 ellipsoid (platform altitude)\",\n    \"standard_name\": \"height_above_reference_ellipsoid\",\n    \"units\": \"km\"\n}", "nominal_satellite_height/0": ["{{u}}", 2413, 4], "nominal_satellite_subpoint_lat/.zarray": "{\n    \"chunks\": [],\n    \"compressor\": null,\n    \"dtype\": \"<f4\",\n    \"fill_value\": -999.0,\n    \"filters\": null,\n    \"order\": \"C\",\n    \"shape\": [],\n    \"zarr_format\": 2\n}", "nominal_satellite_subpoint_lat/.zattrs": "{\n    \"_ARRAY_DIMENSIONS\": [],\n    \"_FillValue\": -999.0,\n    \"long_name\": \"nominal satellite subpoint latitude (platform latitude)\",\n    \"standard_name\": \"latitude\",\n    \"units\": \"degrees_north\"\n}", "nominal_satellite_subpoint_lat/0": ["{{u}}", 172734, 4], "nominal_satellite_subpoint_lon/.zarray": "{\n    \"chunks\": [],\n    \"compressor\": null,\n    \"dtype\": \"<f4\",\n    \"fill_value\": -999.0,\n    \"filters\": null,\n    \"order\": \"C\",\n    \"shape\": [],\n    \"zarr_format\": 2\n}", "nominal_satellite_subpoint_lon/.zattrs": "{\n    \"_ARRAY_DIMENSIONS\": [],\n    \"_FillValue\": -999.0,\n    \"long_name\": \"nominal satellite subpoint longitude (platform longitude)\",\n    \"standard_name\": \"longitude\",\n    \"units\": \"degrees_east\"\n}", "nominal_satellite_subpoint_lon/0": ["{{u}}", 1719, 4], "percent_uncorrectable_GRB_errors/.zarray": "{\n    \"chunks\": [],\n    \"compressor\": null,\n    \"dtype\": \"<f4\",\n    \"fill_value\": -999.0,\n    \"filters\": null,\n    \"order\": \"C\",\n    \"shape\": [],\n    \"zarr_format\": 2\n}", "percent_uncorrectable_GRB_errors/.zattrs": "{\n    \"_ARRAY_DIMENSIONS\": [],\n    \"_FillValue\": -999.0,\n    \"cell_methods\": \"t: sum area: sum (uncorrectable GRB errors only)\",\n    \"coordinates\": \"t y_image x_image\",\n    \"grid_mapping\": \"goes_imager_projection\",\n    \"long_name\": \"percent data lost due to uncorrectable GRB errors\",\n    \"units\": \"percent\",\n    \"valid_range\": [\n        0.0,\n        1.0\n    ]\n}", "percent_uncorrectable_GRB_errors/0": ["{{u}}", 7115, 4], "percent_uncorrectable_L0_errors/.zarray": "{\n    \"chunks\": [],\n    \"compressor\": null,\n    \"dtype\": \"<f4\",\n    \"fill_value\": -999.0,\n    \"filters\": null,\n    \"order\": \"C\",\n    \"shape\": [],\n    \"zarr_format\": 2\n}", "percent_uncorrectable_L0_errors/.zattrs": "{\n    \"_ARRAY_DIMENSIONS\": [],\n    \"_FillValue\": -999.0,\n    \"cell_methods\": \"t: sum area: sum (uncorrectable L0 errors only)\",\n    \"coordinates\": \"t y_image x_image\",\n    \"grid_mapping\": \"goes_imager_projection\",\n    \"long_name\": \"percent data lost due to uncorrectable L0 errors\",\n    \"units\": \"percent\",\n    \"valid_range\": [\n        0.0,\n        1.0\n    ]\n}", "percent_uncorrectable_L0_errors/0": ["{{u}}", 329420, 4], "processing_parm_version_container/.zarray": "{\n    \"chunks\": [],\n    \"compressor\": null,\n    \"dtype\": \"<i4\",\n    \"fill_value\": -2147483647,\n    \"filters\": null,\n    \"order\": \"C\",\n    \"shape\": [],\n    \"zarr_format\": 2\n}", "processing_parm_version_container/.zattrs": "{\n    \"L2_processing_parm_version\": \"OR-PARM-FHS_v01r00.zip, OR-PARM-SEMISTATIC_v01r00.zip, OR-PARM-ANCILLARY_v01r00.zip, OR-PARM-AUXILIARY_v01r00.zip\",\n    \"_ARRAY_DIMENSIONS\": [],\n    \"long_name\": \"container for processing parameter filenames\"\n}", "solar_zenith_angle/.zarray": "{\n    \"chunks\": [],\n    \"compressor\": null,\n    \"dtype\": \"<f4\",\n    \"fill_value\": 9.969209968386869e+36,\n    \"filters\": null,\n    \"order\": \"C\",\n    \"shape\": [],\n    \"zarr_format\": 2\n}", "solar_zenith_angle/.zattrs": "{\n    \"_ARRAY_DIMENSIONS\": [],\n    \"bounds\": \"solar_zenith_angle_bounds\",\n    \"long_name\": \"threshold angle between the line of sight to the sun and the local zenith at the observation target for good quality fire-hot spot characterization data production\",\n    \"standard_name\": \"solar_zenith_angle\",\n    \"units\": \"degree\"\n}", "solar_zenith_angle/0": ["{{u}}", 7121, 4], "solar_zenith_angle_bounds/.zarray": "{\n    \"chunks\": [\n        2\n    ],\n    \"compressor\": null,\n    \"dtype\": \"<f4\",\n    \"fill_value\": 9.969209968386869e+36,\n    \"filters\": null,\n    \"order\": \"C\",\n    \"shape\": [\n        2\n    ],\n    \"zarr_format\": 2\n}", "solar_zenith_angle_bounds/.zattrs": "{\n    \"_ARRAY_DIMENSIONS\": [\n        \"number_of_SZA_bounds\"\n    ],\n    \"long_name\": \"solar zenith angle degree range where good quality fire-hot spot characterization data is produced\"\n}", "solar_zenith_angle_bounds/0": ["{{u}}", 172196, 8], "standard_deviation_fire_area/.zarray": "{\n    \"chunks\": [],\n    \"compressor\": null,\n    \"dtype\": \"<f4\",\n    \"fill_value\": -999.0,\n    \"filters\": null,\n    \"order\": \"C\",\n    \"shape\": [],\n    \"zarr_format\": 2\n}", "standard_deviation_fire_area/.zattrs": "{\n    \"_ARRAY_DIMENSIONS\": [],\n    \"_FillValue\": -999.0,\n    \"cell_methods\": \"sunglint_angle: sum (no pixel produced) local_zenith_angle: sum solar_zenith_angle: sum t: sum area: standard_deviation (interval: 0.000056 rad comment: good quality fire pixels with fire mask values of good_fire_pixel or temporally_filtered_good_fire_pixel only) where fire over land\",\n    \"coordinates\": \"sunglint_angle local_zenith_angle solar_zenith_angle t y_image x_image\",\n    \"grid_mapping\": \"goes_imager_projection\",\n    \"long_name\": \"standard deviation of fire area values\",\n    \"standard_name\": \"fire_area\",\n    \"units\": \"m2\"\n}", "standard_deviation_fire_area/0": ["{{u}}", 7389, 4], "standard_deviation_fire_radiative_power/.zarray": "{\n    \"chunks\": [],\n    \"compressor\": null,\n    \"dtype\": \"<f4\",\n    \"fill_value\": -999.0,\n    \"filters\": null,\n    \"order\": \"C\",\n    \"shape\": [],\n    \"zarr_format\": 2\n}", "standard_deviation_fire_radiative_power/.zattrs": "{\n    \"_ARRAY_DIMENSIONS\": [],\n    \"_FillValue\": -999.0,\n    \"cell_methods\": \"sunglint_angle: sum (no pixel produced) local_zenith_angle: sum solar_zenith_angle: sum t: sum area: standard_deviation (interval: 0.000056 rad comment: good quality fire pixels with fire mask values of good_fire_pixel, high_probability_fire_pixel, medium_probability_fire_pixel, temporally_filtered_good_fire_pixel, temporally_filtered_high_probability_fire_pixel, or temporally_filtered_medium_probability_fire_pixel where adjacent region has sufficient non-fire, clear pixels only) where fire over land\",\n    \"coordinates\": \"sunglint_angle local_zenith_angle solar_zenith_angle t y_image x_image\",\n    \"grid_mapping\": \"goes_imager_projection\",\n    \"long_name\": \"standard deviation of fire radiative power values\",\n    \"standard_name\": \"fire_radiative_power\",\n    \"units\": \"MW\"\n}", "standard_deviation_fire_radiative_power/0": ["{{u}}", 172361, 4], "standard_deviation_fire_temperature/.zarray": "{\n    \"chunks\": [],\n    \"compressor\": null,\n    \"dtype\": \"<f4\",\n    \"fill_value\": -999.0,\n    \"filters\": null,\n    \"order\": \"C\",\n    \"shape\": [],\n    \"zarr_format\": 2\n}", "standard_deviation_fire_temperature/.zattrs": "{\n    \"_ARRAY_DIMENSIONS\": [],\n    \"_FillValue\": -999.0,\n    \"cell_methods\": \"sunglint_angle: sum (no pixel produced) local_zenith_angle: sum solar_zenith_angle: sum t: sum area: standard_deviation (interval: 0.000056 rad comment: good quality fire pixels with fire mask values of good_fire_pixel or temporally_filtered_good_fire_pixel only) where fire over land\",\n    \"coordinates\": \"sunglint_angle local_zenith_angle solar_zenith_angle t y_image x_image\",\n    \"grid_mapping\": \"goes_imager_projection\",\n    \"long_name\": \"standard deviation of fire temperature values\",\n    \"standard_name\": \"fire_temperature\",\n    \"units\": \"K\"\n}", "standard_deviation_fire_temperature/0": ["{{u}}", 329654, 4], "sunglint_angle/.zarray": "{\n    \"chunks\": [],\n    \"compressor\": null,\n    \"dtype\": \"<f4\",\n    \"fill_value\": 9.969209968386869e+36,\n    \"filters\": null,\n    \"order\": \"C\",\n    \"shape\": [],\n    \"zarr_format\": 2\n}", "sunglint_angle/.zattrs": "{\n    \"_ARRAY_DIMENSIONS\": [],\n    \"bounds\": \"sunglint_angle_bounds\",\n    \"long_name\": \"threshold angle between the line of sight to the satellite and the direction of the beam of incident solar radiation for good quality fire-hot spot characterization data production\",\n    \"standard_name\": \"sunglint_angle\",\n    \"units\": \"degree\"\n}", "sunglint_angle/0": ["{{u}}", 823, 4], "sunglint_angle_bounds/.zarray": "{\n    \"chunks\": [\n        2\n    ],\n    \"compressor\": null,\n    \"dtype\": \"<f4\",\n    \"fill_value\": 9.969209968386869e+36,\n    \"filters\": null,\n    \"order\": \"C\",\n    \"shape\": [\n        2\n    ],\n    \"zarr_format\": 2\n}", "sunglint_angle_bounds/.zattrs": "{\n    \"_ARRAY_DIMENSIONS\": [\n        \"number_of_sunglint_angle_bounds\"\n    ],\n    \"_Netcdf4Dimid\": 5,\n    \"long_name\": \"sunglint angle degree range where fire-hot spot characterization data is not produced \"\n}", "sunglint_angle_bounds/0": ["{{u}}", 827, 8], "t/.zarray": "{\n    \"chunks\": [],\n    \"compressor\": null,\n    \"dtype\": \"<f8\",\n    \"fill_value\": 9.969209968386869e+36,\n    \"filters\": null,\n    \"order\": \"C\",\n    \"shape\": [],\n    \"zarr_format\": 2\n}", "t/.zattrs": "{\n    \"_ARRAY_DIMENSIONS\": [],\n    \"axis\": \"T\",\n    \"bounds\": \"time_bounds\",\n    \"long_name\": \"J2000 epoch mid-point between the start and end image scan in seconds\",\n    \"standard_name\": \"time\",\n    \"units\": \"seconds since 2000-01-01 12:00:00\"\n}", "t/0": ["{{u}}", 7192, 8], "time_bounds/.zarray": "{\n    \"chunks\": [\n        2\n    ],\n    \"compressor\": null,\n    \"dtype\": \"<f8\",\n    \"fill_value\": 9.969209968386869e+36,\n    \"filters\": null,\n    \"order\": \"C\",\n    \"shape\": [\n        2\n    ],\n    \"zarr_format\": 2\n}", "time_bounds/.zattrs": "{\n    \"_ARRAY_DIMENSIONS\": [\n        \"number_of_time_bounds\"\n    ],\n    \"_Netcdf4Dimid\": 2,\n    \"long_name\": \"Scan start and end times in seconds since epoch (2000-01-01 12:00:00)\"\n}", "time_bounds/0": ["{{u}}", 6890, 16], "total_number_of_pixels_with_fire_area/.zarray": "{\n    \"chunks\": [],\n    \"compressor\": null,\n    \"dtype\": \"<i4\",\n    \"fill_value\": -1,\n    \"filters\": null,\n    \"order\": \"C\",\n    \"shape\": [],\n    \"zarr_format\": 2\n}", "total_number_of_pixels_with_fire_area/.zattrs": "{\n    \"_ARRAY_DIMENSIONS\": [],\n    \"_FillValue\": -1,\n    \"cell_methods\": \"sunglint_angle: sum (no pixel produced) local_zenith_angle: sum solar_zenith_angle: sum t: sum area: sum (interval: 0.000056 rad comment: good quality fire pixels with fire mask values of good_fire_pixel or temporally_filtered_good_fire_pixel only) where fire over land\",\n    \"coordinates\": \"sunglint_angle local_zenith_angle solar_zenith_angle t y_image x_image\",\n    \"grid_mapping\": \"goes_imager_projection\",\n    \"long_name\": \"total number of pixels with fire area reported\",\n    \"units\": \"count\"\n}", "total_number_of_pixels_with_fire_area/0": ["{{u}}", 172204, 4], "total_number_of_pixels_with_fire_radiative_power/.zarray": "{\n    \"chunks\": [],\n    \"compressor\": null,\n    \"dtype\": \"<i4\",\n    \"fill_value\": -1,\n    \"filters\": null,\n    \"order\": \"C\",\n    \"shape\": [],\n    \"zarr_format\": 2\n}", "total_number_of_pixels_with_fire_radiative_power/.zattrs": "{\n    \"_ARRAY_DIMENSIONS\": [],\n    \"_FillValue\": -1,\n    \"cell_methods\": \"sunglint_angle: sum (no pixel produced) local_zenith_angle: sum solar_zenith_angle: sum t: sum area: sum (interval: 0.000056 rad comment: good quality fire pixels with fire mask values of good_fire_pixel, high_probability_fire_pixel, medium_probability_fire_pixel, temporally_filtered_good_fire_pixel, temporally_filtered_high_probability_fire_pixel, or temporally_filtered_medium_probability_fire_pixel where adjacent region has sufficient non-fire, clear pixels only) where fire over land\",\n    \"coordinates\": \"sunglint_angle local_zenith_angle solar_zenith_angle t y_image x_image\",\n    \"grid_mapping\": \"goes_imager_projection\",\n    \"long_name\": \"total number of pixels with fire radiative power reported\",\n    \"units\": \"count\"\n}", "total_number_of_pixels_with_fire_radiative_power/0": ["{{u}}", 6772, 4], "total_number_of_pixels_with_fire_temperature/.zarray": "{\n    \"chunks\": [],\n    \"compressor\": null,\n    \"dtype\": \"<i4\",\n    \"fill_value\": -1,\n    \"filters\": null,\n    \"order\": \"C\",\n    \"shape\": [],\n    \"zarr_format\": 2\n}", "total_number_of_pixels_with_fire_temperature/.zattrs": "{\n    \"_ARRAY_DIMENSIONS\": [],\n    \"_FillValue\": -1,\n    \"cell_methods\": \"sunglint_angle: sum (no pixel produced) local_zenith_angle: sum solar_zenith_angle: sum t: sum area: sum (interval: 0.000056 rad comment: good quality fire pixels with fire mask values of good_fire_pixel or temporally_filtered_good_fire_pixel only) where fire over land\",\n    \"coordinates\": \"sunglint_angle local_zenith_angle solar_zenith_angle t y_image x_image\",\n    \"grid_mapping\": \"goes_imager_projection\",\n    \"long_name\": \"total number of pixels with fire temperature reported\",\n    \"units\": \"count\"\n}", "total_number_of_pixels_with_fire_temperature/0": ["{{u}}", 7125, 4], "total_number_of_pixels_with_fires_detected/.zarray": "{\n    \"chunks\": [],\n    \"compressor\": null,\n    \"dtype\": \"<i4\",\n    \"fill_value\": -1,\n    \"filters\": null,\n    \"order\": \"C\",\n    \"shape\": [],\n    \"zarr_format\": 2\n}", "total_number_of_pixels_with_fires_detected/.zattrs": "{\n    \"_ARRAY_DIMENSIONS\": [],\n    \"_FillValue\": -1,\n    \"cell_methods\": \"sunglint_angle: sum (no pixel produced) local_zenith_angle: sum solar_zenith_angle: sum t: sum area: sum (interval: 0.000056 rad comment: good quality fire pixels only) where fire over land\",\n    \"coordinates\": \"sunglint_angle local_zenith_angle solar_zenith_angle t y_image x_image\",\n    \"grid_mapping\": \"goes_imager_projection\",\n    \"long_name\": \"total number of pixels with fires detected\",\n    \"units\": \"count\"\n}", "total_number_of_pixels_with_fires_detected/0": ["{{u}}", 358719, 4], "x/.zarray": "{\n    \"chunks\": [\n        2500\n    ],\n    \"compressor\": null,\n    \"dtype\": \"<i2\",\n    \"fill_value\": -32767,\n    \"filters\": null,\n    \"order\": \"C\",\n    \"shape\": [\n        2500\n    ],\n    \"zarr_format\": 2\n}", "x/.zattrs": "{\n    \"NAME\": \"x\",\n    \"_ARRAY_DIMENSIONS\": [\n        \"x\"\n    ],\n    \"_Netcdf4Dimid\": 1,\n    \"add_offset\": -0.06997200101613998,\n    \"axis\": \"X\",\n    \"long_name\": \"GOES fixed grid projection x-coordinate\",\n    \"scale_factor\": 5.6000000768108293e-05,\n    \"standard_name\": \"projection_x_coordinate\",\n    \"units\": \"rad\"\n}", "x/0": ["{{u}}", 338529, 5000], "x_image/.zarray": "{\n    \"chunks\": [],\n    \"compressor\": null,\n    \"dtype\": \"<f4\",\n    \"fill_value\": 9.969209968386869e+36,\n    \"filters\": null,\n    \"order\": \"C\",\n    \"shape\": [],\n    \"zarr_format\": 2\n}", "x_image/.zattrs": "{\n    \"_ARRAY_DIMENSIONS\": [],\n    \"axis\": \"X\",\n    \"long_name\": \"GOES-R fixed grid projection x-coordinate center of image\",\n    \"standard_name\": \"projection_x_coordinate\",\n    \"units\": \"rad\"\n}", "x_image/0": ["{{u}}", 7688, 4], "x_image_bounds/.zarray": "{\n    \"chunks\": [\n        2\n    ],\n    \"compressor\": null,\n    \"dtype\": \"<f4\",\n    \"fill_value\": 9.969209968386869e+36,\n    \"filters\": null,\n    \"order\": \"C\",\n    \"shape\": [\n        2\n    ],\n    \"zarr_format\": 2\n}", "x_image_bounds/.zattrs": "{\n    \"_ARRAY_DIMENSIONS\": [\n        \"number_of_image_bounds\"\n    ],\n    \"_Netcdf4Dimid\": 4,\n    \"long_name\": \"GOES-R fixed grid projection x-coordinate west/east extent of image\",\n    \"units\": \"rad\"\n}", "x_image_bounds/0": ["{{u}}", 7730, 8], "y/.zarray": "{\n    \"chunks\": [\n        1500\n    ],\n    \"compressor\": null,\n    \"dtype\": \"<i2\",\n    \"fill_value\": -32767,\n    \"filters\": null,\n    \"order\": \"C\",\n    \"shape\": [\n        1500\n    ],\n    \"zarr_format\": 2\n}", "y/.zattrs": "{\n    \"NAME\": \"y\",\n    \"_ARRAY_DIMENSIONS\": [\n        \"y\"\n    ],\n    \"_Netcdf4Dimid\": 0,\n    \"add_offset\": 0.12821200489997864,\n    \"axis\": \"Y\",\n    \"long_name\": \"GOES fixed grid projection y-coordinate\",\n    \"scale_factor\": -5.6000000768108293e-05,\n    \"standard_name\": \"projection_y_coordinate\",\n    \"units\": \"rad\"\n}", "y/0": ["{{u}}", 332969, 3000], "y_image/.zarray": "{\n    \"chunks\": [],\n    \"compressor\": null,\n    \"dtype\": \"<f4\",\n    \"fill_value\": 9.969209968386869e+36,\n    \"filters\": null,\n    \"order\": \"C\",\n    \"shape\": [],\n    \"zarr_format\": 2\n}", "y_image/.zattrs": "{\n    \"_ARRAY_DIMENSIONS\": [],\n    \"axis\": \"Y\",\n    \"long_name\": \"GOES-R fixed grid projection y-coordinate center of image\",\n    \"standard_name\": \"projection_y_coordinate\",\n    \"units\": \"rad\"\n}", "y_image/0": ["{{u}}", 6780, 4], "y_image_bounds/.zarray": "{\n    \"chunks\": [\n        2\n    ],\n    \"compressor\": null,\n    \"dtype\": \"<f4\",\n    \"fill_value\": 9.969209968386869e+36,\n    \"filters\": null,\n    \"order\": \"C\",\n    \"shape\": [\n        2\n    ],\n    \"zarr_format\": 2\n}", "y_image_bounds/.zattrs": "{\n    \"_ARRAY_DIMENSIONS\": [\n        \"number_of_image_bounds\"\n    ],\n    \"_Netcdf4Dimid\": 4,\n    \"long_name\": \"GOES-R fixed grid projection y-coordinate north/south extent of image\",\n    \"units\": \"rad\"\n}", "y_image_bounds/0": ["{{u}}", 6906, 8]}}